risk_band,n_loans,exposure_sum,default_rate,avg_pd,expected_loss_sum,exposure_share
Low,1843,16964800,0.030385241454150842,0.03545431721207988,270132.92559267953,0.2725270170791233
Medium,2421,20970875,0.07641470466749277,0.08739106249264238,793614.9334265997,0.3368816613982576
High,2220,24314300,0.5301801801801802,0.5125475385002435,5939176.663973803,0.3905913215226191
