risk_band,n_loans,exposure_sum,default_rate,avg_pd,expected_loss_sum,exposure_share
Low,5437,590682187,0.027772668751149532,0.035501194516873925,9585063.18011395,0.21666264502701235
Medium,10926,1378797526,0.08951125755079627,0.08910554242953646,56082013.70790307,0.5057439102016815
High,5004,756796369,0.26918465227817745,0.2614612090604459,92796041.80223979,0.2775934447713062
