risk_band,n_loans,exposure_sum,default_rate,avg_pd,expected_loss_sum,exposure_share
Low,12356,1324868220,0.03010683068954354,0.03596473557524609,21990251.782779455,0.20299294034828588
Medium,26305,3309969230,0.08481277323702718,0.08917171321746421,134586473.25702345,0.5071450702169094
High,12409,1891833959,0.2681924409702635,0.25581483741803673,226912209.24515185,0.28986198943480473
